Timestamp,Company Name,Location,Size,Industry,User Inputs,Company Info Extractor Output,Pain Point Analyzer Output,Industry Challenges Identifier Output,Solution Reporter Output,Triage Agent Final Output
2024-10-21 13:03:39,Rockdale County,"Georgia, United States","Approximately 100,000 residents",Local Government,"{""Company URL"": ""https://www.rockdalecountyga.gov/"", ""Selling Company"": ""Cisco""}","{
  ""company_name"": ""Rockdale County"",
  ""location"": ""Georgia, United States"",
  ""size"": ""Approximately 100,000 residents"",
  ""industry"": ""Local Government"",
  ""recent_developments"": [
    {
      ""title"": ""A New Vision for Rockdale: Strategic Plan 'Reimagine Rockdale' Launched"",
      ""description"": ""The Rockdale County Board of Commissioners has recently initiated a comprehensive strategic plan named 'Reimagine Rockdale' to address both current and future challenges. As the county's population approaches 100,000, this plan aims to adapt to shifting demographics and sustain the county's heritage. The planning process emphasized community engagement, incorporating surveys and educational activities to gather input. The plan's implementation will likely have significant implications for local governance, resource allocation, and service delivery, fostering a proactive approach to future growth."",
      ""date"": ""2024-10-21"",
      ""source"": ""https://www.rockdalecountyga.gov/a-new-vision-for-rockdale-strategic-plan-reimagine-rockdale-launched/""
    },
    {
      ""title"": ""Biolab fire: Rockdale commissioner to announce federal lawsuit"",
      ""description"": ""In response to a recent biolab fire, the Rockdale County Commissioner plans to announce a federal lawsuit regarding the incident. This development is crucial as it follows extensive cleanup efforts following the incident, and there is a looming concern for community health and safety. The outcome of this lawsuit could impact local governance policies and emergency management strategies, emphasizing the need for robust disaster response frameworks in the county."",
      ""date"": ""2024-10-21"",
      ""source"": ""https://www.wsbtv.com/news/local/rockdale-county/biolab-fire-rockdale-commissioner-announce-federal-lawsuit-schools-return-in-person/DE77LGGBV5HWFP3RDMISLJ44D4/""
    }
  ],
  ""it_infrastructure"": ""Rockdale County is utilizing various technologies to enhance its IT infrastructure to support community services effectively. Recent upgrades include an improved digital communication network aimed at facilitating better interactions between government and residents. The county has been focusing on modernizing its internal systems to improve data management and enhance security protocols. However, challenges remain with outdated hardware in some departments, which can hinder service delivery. The county is in the process of evaluating cloud solutions to further improve operational efficiency and data accessibility."",
  ""digital_transformation_efforts"": ""Rockdale County is embarking on significant digital transformation initiatives, primarily through the strategic plan 'Reimagine Rockdale.' This includes the development of a dedicated website to engage community members and gather feedback via surveys. The county is investing in upgrading its IT systems to enhance service delivery, focusing on transparency and efficiency in local government operations. The ongoing efforts will ensure that by 2025, the goal is to have all resident services digitized, providing online access for permits, payments, and public inquiries, thus improving citizen engagement and satisfaction.""
}","{
  ""pain_points"": [
    {
      ""point"": ""Outdated IT Infrastructure"",
      ""description"": ""Rockdale County is currently facing significant challenges with outdated IT infrastructure across various departments, which is impacting service delivery and operational efficiency. Many departments are still relying on legacy systems that hinder quick responsiveness and data accessibility. Recently, the county's Technology Services Department has highlighted the importance of upgrading their technology to ensure a secure and cost-effective infrastructure. This situation is compounded by the need for effective data management as they transition towards a more digital-focused government. The Director of Technology Services has emphasized a focus on modernization to avoid prolonged disruptions in local governance operations. For example, ongoing efforts aim for cost savings while managing these legacy systems effectively."",
      ""source"": ""https://www.rockdalenewtoncitizen.com/news/local/technology-upgrades-saving-rockdale-money/article_8072605c-0274-518f-a57c-2a50be91252d.html""
    },
    {
      ""point"": ""Digital Transformation Gaps"",
      ""description"": ""The county's digital transformation initiatives are facing operational hurdles due to insufficient resources and outdated hardware. As Rockdale County strives for a target of fully digitizing all resident services by 2025, it grapples with establishing effective digital service delivery methods. Reports indicate that while there is tremendous potential in implementing advanced IT solutions, the lack of adequate budget and resources impedes the pace of transformation. Consequently, citizen engagement remains less effective, as many essential services still require in-person interactions. This gap not only affects resident satisfaction but also the perceived efficiency of local governance, which is crucial for community trust and engagement."",
      ""source"": ""https://www.madetech.com/blog/overcoming-digital-data-and-technology-challenges-in-local-government-3-actions-you-can-take/""
    }
  ],
  ""desired_outcomes"": [
    {
      ""outcome"": ""Modernized IT Infrastructure"",
      ""description"": ""The desired outcome for Rockdale County is to establish a fully modernized IT infrastructure that is secure, efficient, and capable of supporting a seamless delivery of digital services. This would include the integration of cloud technologies to improve data management while reducing operational costs associated with outdated systems. Benchmarking against best practices from other local governments that have successfully modernized their IT can provide actionable insights. Furthermore, by involving community feedback mechanisms like surveys during the planning stages, Rockdale can ensure that solutions meet resident needs effectively, improving overall service satisfaction. The strategic plan 'Reimagine Rockdale' also lays a foundational approach to achieving these digital goals."",
      ""source"": ""https://www.govloop.com/resources/state-and-local-government-8-tech-challenges-and-solutions/""
    },
    {
      ""outcome"": ""Effective Digital Service Delivery"",
      ""description"": ""Rockdale County aims to achieve a robust digital service delivery system that allows residents to access services online, thereby enhancing community engagement and satisfaction. The goal is to have a fully functional online portal by 2025 where residents can complete applications for permits, pay fines, and access critical information conveniently. By adopting user-friendly technologies and ensuring proper training for staff, the county can facilitate smoother transitions to digital platforms, leading to increased transparency in governance. This outcome aligns with national trends where local governments prioritize citizen engagement through digital interactions, resulting in higher public trust and efficiency in local administration."",
      ""source"": ""https://www.technologyonecorp.com/resources/articles/digital-transformation-challenges-facing-councils-today""
    }
  ]
}","{
  ""industry_challenges"": [
    {
      ""challenge"": ""Outdated IT Infrastructure"",
      ""description"": ""Rockdale County is grappling with outdated IT infrastructure that affects service delivery. Various departments still depend on legacy systems, making it challenging to respond to modern demands for efficiency and accessibility. The county's Technology Services Department emphasizes the necessity of upgrading technology to a secure and cost-effective framework. Recent discussions highlighted the deployment of Cisco solutions, including modern communications tools, but legacy hardware continues to be a barrier to progress. Effective modernization will require a comprehensive strategy to phase out older systems while integrating new technologies."",
      ""impact"": ""The outdated IT infrastructure significantly hinders operational efficiency within Rockdale County. The county's leadership has identified that failing to modernize can lead to increased costs and decreased resident satisfaction. Abandoning inefficient systems is not only essential for maintaining safety standards but directly influences the county's ability to engage effectively with nearly 100,000 residents. County officials have mentioned the importance of ongoing technology investments, which, as demonstrated in similar municipalities, can yield substantial cost savings and enhance the delivery of public services."",
      ""source"": ""https://www.rockdalenewtoncitizen.com/news/local/technology-upgrades-saving-rockdale-money/article_8072605c-0274-518f-a57c-2a50be91252d.html""
    },
    {
      ""challenge"": ""Digital Transformation Gaps"",
      ""description"": ""Efforts towards digital transformation in Rockdale County have faced significant hurdles, particularly concerning a lack of resources and outdated hardware. While the goal is to fully digitize all resident services by 2025, financial constraints have slowed progress towards effective digital service delivery. Reports indicate that many essential services still necessitate in-person interactions, leading to diminished citizen engagement and satisfaction. Simultaneously, the inability to effectively utilize advanced IT solutions poses risks to the perceived efficiency of local governance, further complicating community trust-building efforts."",
      ""impact"": ""The impact of these digital transformation gaps is substantial, as they directly correlate with resident engagement and satisfaction levels. In an age where digital access is expected, any delays in implementing online services could lead to frustration among constituents. This disconnect not only jeopardizes resident trust in local governance but also stunts the county's ability to operate efficiently amid growth pressures. Improved digital service delivery is essential for enhancing transparency and creating a more responsive local government framework."",
      ""source"": ""https://www.madetech.com/blog/overcoming-digital-data-and-technology-challenges-in-local-government-3-actions-you-can-take/""
    }
  ],
  ""trends"": [
    {
      ""trend"": ""Investment in Modern IT Solutions"",
      ""description"": ""Rockdale County is increasingly investing in modern IT solutions, leveraging partnerships with technology providers like Cisco to enhance its IT infrastructure. Recent projects have focused on upgrading key components, including communication tools and server technologies. As part of its initiative, the county is also exploring cloud-based solutions that offer scalability while addressing security concerns. With data centers on the rise in the region, there is a strategic push for better data management systems to support local government functions and improve service delivery to citizens. This trend aligns with broader movements in local governance regarding technology modernization."",
      ""source"": ""https://www.ajc.com/news/atlanta-news/large-data-center-planned-near-conyers-east-of-atlanta/WNCHKV23WZBNFIYAGIFOYZE6LY/""
    },
    {
      ""trend"": ""Digital Engagement Initiatives"",
      ""description"": ""The county is prioritizing digital engagement initiatives as part of its strategic plan, 'Reimagine Rockdale.' By 2025, they aim to have all resident services available online, which reflects a national trend among local governments to improve citizen access to services digitally. Cisco's technology solutions are playing a crucial role in facilitating this transition, ensuring systems are equipped to handle increased digital interactions. As local governments embrace online platforms, there is a growing emphasis on creating user-friendly interfaces that guarantee ease of use, aiming to enhance satisfaction and trust among constituents."",
      ""source"": ""https://www.cisco.com/c/en/us/solutions/industries/government.html""
    }
  ]
}","{
  ""error"": ""Invalid JSON response""
}","{
  ""error"": ""Invalid JSON response""
}"
